# Copyright (c) Meta Platforms, Inc. and affiliates.
#
# Licensed under the Apache License, Version 2.0 (the "License");
# you may not use this file except in compliance with the License.
# You may obtain a copy of the License at
#
#     http://www.apache.org/licenses/LICENSE-2.0
#
# Unless required by applicable law or agreed to in writing, software
# distributed under the License is distributed on an "AS IS" BASIS,
# WITHOUT WARRANTIES OR CONDITIONS OF ANY KIND, either express or implied.
# See the License for the specific language governing permissions and
# limitations under the License.

# Name,    Type, SubType, Offset,   Size
# ATK-DNESP32S3-BOX shared with Vibe Buddy (https://github.com/second-state/vibebuddy):
# Vibe Buddy in ota_0, Muse in ota_1, and holding K1 and K2 for 3 s in either
# switches otadata to the other. The table sits at Vibe Buddy's 0x8000, which
# reads it there; no Secure Boot here, so the bootloader fits below it. nvs is
# Muse's; Vibe Buddy keeps its settings in vb_cfg and its voice pack in voices.
nvs,       data, nvs,     0x9000,   0xC000,
otadata,   data, ota,     0x15000,  0x2000,
phy_init,  data, phy,     0x17000,  0x1000,
vb_cfg,    data, 0x41,    0x18000,  0x6000,
ota_0,     app,  ota_0,   0x20000,  4M,
ota_1,     app,  ota_1,   0x420000, 4M,
voices,    data, 0x40,    0x820000, 2M,
